bug_id,title,description,error_type,stack_trace,severity,priority,component,root_cause,resolution,status,technologies
BUG-001,"NullPointerException in User Profile","Application crashes when a user with incomplete profile data opens the profile page.","NullPointerException","UserService.getProfile(UserService.java:142)","HIGH","P1","User Service","UserProfile object can be null when optional profile data is missing.","Added null validation before accessing UserProfile and handled missing profile data safely.","RESOLVED","Java,Spring Boot"
BUG-002,"Database Connection Timeout","Application fails to load customer data when the database responds slowly.","SQLTimeoutException","CustomerRepository.findCustomer(CustomerRepository.java:87)","HIGH","P1","Customer Service","Database connection timeout was configured too aggressively for peak load.","Increased connection timeout and optimized the slow database query.","RESOLVED","Java,Spring Boot,PostgreSQL"
BUG-003,"Invalid Authentication Token","Users are unexpectedly logged out after keeping the application open for a long time.","AuthenticationException","AuthFilter.validateToken(AuthFilter.java:65)","MEDIUM","P2","Authentication","Expired authentication tokens were not refreshed correctly.","Implemented token refresh handling and improved expiration validation.","RESOLVED","Java,Spring Security,JWT"
BUG-004,"Missing Request Parameter","API returns an internal server error when the customerId parameter is missing.","IllegalArgumentException","OrderController.createOrder(OrderController.java:54)","MEDIUM","P2","Order Service","The controller assumed customerId was always present.","Added request validation and returned a proper 400 response for missing parameters.","RESOLVED","Java,Spring Boot,REST"
BUG-005,"OutOfMemoryError During Report Generation","Application crashes while generating very large customer reports.","OutOfMemoryError","ReportService.generateReport(ReportService.java:210)","CRITICAL","P0","Reporting Service","The application loaded the complete report dataset into memory.","Changed processing to streaming and generated the report in batches.","RESOLVED","Java,Spring Boot,PostgreSQL"
BUG-006,"Duplicate Order Creation","Customers occasionally receive two orders after clicking the submit button repeatedly.","DuplicateRecordException","OrderService.createOrder(OrderService.java:118)","HIGH","P1","Order Service","The API did not protect against repeated identical requests.","Implemented idempotency keys and duplicate request detection.","RESOLVED","Java,Spring Boot,PostgreSQL"
BUG-007,"File Upload Size Error","Users receive an unexpected server error when uploading files larger than the configured limit.","MaxUploadSizeExceededException","FileUploadController.upload(FileUploadController.java:73)","MEDIUM","P2","File Service","The file size exception was not handled by the global exception handler.","Added exception handling and returned a clear file-size validation message.","RESOLVED","Java,Spring Boot"
BUG-008,"Null Customer Address","Checkout crashes when an existing customer does not have a saved address.","NullPointerException","CheckoutService.getAddress(CheckoutService.java:156)","HIGH","P1","Checkout Service","Checkout logic assumed every customer had a saved address.","Added address existence validation and allowed the customer to provide a new address.","RESOLVED","Java,Spring Boot"
BUG-009,"Slow Product Search","Product search takes more than ten seconds when many filters are selected.","QueryTimeoutException","ProductRepository.search(ProductRepository.java:201)","HIGH","P1","Product Service","Database query performed full table scans because required indexes were missing.","Added database indexes and optimized the search query.","RESOLVED","Java,Spring Boot,PostgreSQL"
BUG-010,"Incorrect HTTP Status","API returns HTTP 500 when a requested product does not exist.","ProductNotFoundException","ProductService.getProduct(ProductService.java:91)","LOW","P3","Product Service","Resource-not-found exception was not mapped to an appropriate HTTP response.","Added exception mapping to return HTTP 404.","RESOLVED","Java,Spring Boot,REST"
BUG-011,"JSON Parsing Failure","Application fails when an external service returns an unexpected JSON field format.","JsonProcessingException","PaymentClient.parseResponse(PaymentClient.java:134)","HIGH","P1","Payment Service","External API response format changed without corresponding parser updates.","Updated JSON mapping and added validation for external responses.","RESOLVED","Java,Spring Boot,REST"
BUG-012,"Race Condition in Inventory","Two users can purchase the final available unit of a product.","OptimisticLockingFailureException","InventoryService.reserve(InventoryService.java:177)","CRITICAL","P0","Inventory Service","Concurrent requests updated inventory without proper locking.","Added optimistic locking and retry handling for concurrent updates.","RESOLVED","Java,Spring Boot,PostgreSQL"
BUG-013,"Email Notification Failure","Order confirmation emails are not sent for some completed orders.","MailSendException","NotificationService.sendOrderConfirmation(NotificationService.java:102)","MEDIUM","P2","Notification Service","Email service failures were not retried and temporary provider errors caused message loss.","Added retry logic and asynchronous message processing.","RESOLVED","Java,Spring Boot,SMTP"
BUG-014,"Incorrect Date Format","The frontend displays incorrect dates for users in different time zones.","DateTimeException","OrderMapper.mapDate(OrderMapper.java:66)","MEDIUM","P2","Order Service","Server-local time was used instead of a standardized timezone-aware format.","Converted timestamps to UTC and standardized API date formatting.","RESOLVED","Java,Spring Boot,REST"
BUG-015,"Cache Returning Stale Data","Users continue seeing old product prices after a price update.","StaleDataException","ProductCache.getProduct(ProductCache.java:82)","MEDIUM","P2","Product Service","Cache entries were not invalidated after product updates.","Added cache invalidation when product data changes.","RESOLVED","Java,Spring Boot,Redis"
BUG-016,"Service Unavailable During Traffic Spike","Backend service becomes unavailable when request volume suddenly increases.","ServiceUnavailableException","ApiGateway.routeRequest(ApiGateway.java:145)","CRITICAL","P0","API Gateway","Service instances were insufficient and no effective rate limiting was configured.","Scaled service instances, enabled rate limiting, and configured autoscaling.","RESOLVED","Java,Spring Boot,AWS"
BUG-017,"NullPointerException in User Preferences","Application crashes when a new user opens notification preferences.","NullPointerException","PreferenceService.getPreferences(PreferenceService.java:119)","HIGH","P1","User Service","Preference object was not initialized for newly created users.","Added default preference initialization and null handling.","RESOLVED","Java,Spring Boot"
BUG-018,"Unauthorized API Access","A user can access another user's order by modifying the order ID in the request.","AccessDeniedException","OrderController.getOrder(OrderController.java:93)","CRITICAL","P0","Order Service","Authorization checked authentication but did not verify resource ownership.","Added ownership validation before returning order information.","RESOLVED","Java,Spring Security,REST"
BUG-019,"Background Job Failure","Scheduled invoice generation stops processing after one invoice fails.","JobExecutionException","InvoiceJob.process(InvoiceJob.java:128)","HIGH","P1","Invoice Service","An unhandled exception terminated the complete batch job.","Added per-record exception handling and retry logic so remaining invoices continue processing.","RESOLVED","Java,Spring Boot"
BUG-020,"Configuration Value Missing","Application fails during startup because a required database configuration value is missing.","ConfigurationException","DatabaseConfig.initialize(DatabaseConfig.java:45)","CRITICAL","P0","Configuration","Required configuration properties were not validated before application startup.","Added configuration validation with clear startup error messages.","RESOLVED","Java,Spring Boot"